user_id,policy_id,policy_name,label
1001,20260605005400113228,청년미래적금,YES
1001,20260528005400113227,(농식품부) 농식품 바우처,YES
1001,20260528005400113226,(문체부) 청년예술인 예술활동 적립계좌,YES
1001,20260527005400113224,청년 국가기술자격 응시료 지원 사업,YES
1001,20260527005400113223,전세보증금반환보증 보증료 지원,YES
1001,20260527005400213222,2026년 청년근로자 교통비 지원사업,NO
1001,20260527005400213221,2026년 청년창업자 임차료 지원사업,NO
1001,20260522005400213220,삼척형 일자리 안심공제,NO
1001,20260522005400213219,대학생 아르바이트 운영,NO
1001,20260522005400213218,삼척형 청년인턴 지원사업,NO
1002,20260605005400113228,청년미래적금,YES
1002,20260528005400113227,(농식품부) 농식품 바우처,YES
1002,20260528005400113226,(문체부) 청년예술인 예술활동 적립계좌,YES
1002,20260527005400113224,청년 국가기술자격 응시료 지원 사업,YES
1002,20260527005400113223,전세보증금반환보증 보증료 지원,YES
1002,20260527005400213222,2026년 청년근로자 교통비 지원사업,NO
1002,20260527005400213221,2026년 청년창업자 임차료 지원사업,NO
1002,20260522005400213220,삼척형 일자리 안심공제,NO
1002,20260522005400213219,대학생 아르바이트 운영,YES
1002,20260522005400213218,삼척형 청년인턴 지원사업,NO
1003,20260605005400113228,청년미래적금,YES
1003,20260528005400113227,(농식품부) 농식품 바우처,YES
1003,20260528005400113226,(문체부) 청년예술인 예술활동 적립계좌,YES
1003,20260527005400113224,청년 국가기술자격 응시료 지원 사업,YES
1003,20260527005400113223,전세보증금반환보증 보증료 지원,YES
1003,20260527005400213222,2026년 청년근로자 교통비 지원사업,NO
1003,20260527005400213221,2026년 청년창업자 임차료 지원사업,NO
1003,20260522005400213220,삼척형 일자리 안심공제,NO
1003,20260522005400213219,대학생 아르바이트 운영,NO
1003,20260522005400213218,삼척형 청년인턴 지원사업,NO
1004,20260605005400113228,청년미래적금,YES
1004,20260528005400113227,(농식품부) 농식품 바우처,YES
1004,20260528005400113226,(문체부) 청년예술인 예술활동 적립계좌,YES
1004,20260527005400113224,청년 국가기술자격 응시료 지원 사업,YES
1004,20260527005400113223,전세보증금반환보증 보증료 지원,YES
1004,20260527005400213222,2026년 청년근로자 교통비 지원사업,NO
1004,20260527005400213221,2026년 청년창업자 임차료 지원사업,NO
1004,20260522005400213220,삼척형 일자리 안심공제,NO
1004,20260522005400213219,대학생 아르바이트 운영,NO
1004,20260522005400213218,삼척형 청년인턴 지원사업,YES
1005,20260605005400113228,청년미래적금,YES
1005,20260528005400113227,(농식품부) 농식품 바우처,YES
1005,20260528005400113226,(문체부) 청년예술인 예술활동 적립계좌,YES
1005,20260527005400113224,청년 국가기술자격 응시료 지원 사업,YES
1005,20260527005400113223,전세보증금반환보증 보증료 지원,YES
1005,20260527005400213222,2026년 청년근로자 교통비 지원사업,NO
1005,20260527005400213221,2026년 청년창업자 임차료 지원사업,NO
1005,20260522005400213220,삼척형 일자리 안심공제,NO
1005,20260522005400213219,대학생 아르바이트 운영,NO
1005,20260522005400213218,삼척형 청년인턴 지원사업,NO
1006,20260605005400113228,청년미래적금,YES
1006,20260528005400113227,(농식품부) 농식품 바우처,YES
1006,20260528005400113226,(문체부) 청년예술인 예술활동 적립계좌,YES
1006,20260527005400113224,청년 국가기술자격 응시료 지원 사업,YES
1006,20260527005400113223,전세보증금반환보증 보증료 지원,YES
1006,20260527005400213222,2026년 청년근로자 교통비 지원사업,NO
1006,20260527005400213221,2026년 청년창업자 임차료 지원사업,NO
1006,20260522005400213220,삼척형 일자리 안심공제,NO
1006,20260522005400213219,대학생 아르바이트 운영,NO
1006,20260522005400213218,삼척형 청년인턴 지원사업,NO
1007,20260605005400113228,청년미래적금,YES
1007,20260528005400113227,(농식품부) 농식품 바우처,YES
1007,20260528005400113226,(문체부) 청년예술인 예술활동 적립계좌,YES
1007,20260527005400113224,청년 국가기술자격 응시료 지원 사업,YES
1007,20260527005400113223,전세보증금반환보증 보증료 지원,YES
1007,20260527005400213222,2026년 청년근로자 교통비 지원사업,NO
1007,20260527005400213221,2026년 청년창업자 임차료 지원사업,NO
1007,20260522005400213220,삼척형 일자리 안심공제,NO
1007,20260522005400213219,대학생 아르바이트 운영,NO
1007,20260522005400213218,삼척형 청년인턴 지원사업,NO
1008,20260605005400113228,청년미래적금,YES
1008,20260528005400113227,(농식품부) 농식품 바우처,YES
1008,20260528005400113226,(문체부) 청년예술인 예술활동 적립계좌,YES
1008,20260527005400113224,청년 국가기술자격 응시료 지원 사업,YES
1008,20260527005400113223,전세보증금반환보증 보증료 지원,YES
1008,20260527005400213222,2026년 청년근로자 교통비 지원사업,NO
1008,20260527005400213221,2026년 청년창업자 임차료 지원사업,NO
1008,20260522005400213220,삼척형 일자리 안심공제,NO
1008,20260522005400213219,대학생 아르바이트 운영,NO
1008,20260522005400213218,삼척형 청년인턴 지원사업,NO
1009,20260605005400113228,청년미래적금,YES
1009,20260528005400113227,(농식품부) 농식품 바우처,YES
1009,20260528005400113226,(문체부) 청년예술인 예술활동 적립계좌,YES
1009,20260527005400113224,청년 국가기술자격 응시료 지원 사업,YES
1009,20260527005400113223,전세보증금반환보증 보증료 지원,YES
1009,20260527005400213222,2026년 청년근로자 교통비 지원사업,NO
1009,20260527005400213221,2026년 청년창업자 임차료 지원사업,NO
1009,20260522005400213220,삼척형 일자리 안심공제,NO
1009,20260522005400213219,대학생 아르바이트 운영,YES
1009,20260522005400213218,삼척형 청년인턴 지원사업,NO
1010,20260605005400113228,청년미래적금,YES
1010,20260528005400113227,(농식품부) 농식품 바우처,YES
1010,20260528005400113226,(문체부) 청년예술인 예술활동 적립계좌,YES
1010,20260527005400113224,청년 국가기술자격 응시료 지원 사업,YES
1010,20260527005400113223,전세보증금반환보증 보증료 지원,YES
1010,20260527005400213222,2026년 청년근로자 교통비 지원사업,NO
1010,20260527005400213221,2026년 청년창업자 임차료 지원사업,NO
1010,20260522005400213220,삼척형 일자리 안심공제,NO
1010,20260522005400213219,대학생 아르바이트 운영,NO
1010,20260522005400213218,삼척형 청년인턴 지원사업,NO
1011,20260605005400113228,청년미래적금,YES
1011,20260528005400113227,(농식품부) 농식품 바우처,YES
1011,20260528005400113226,(문체부) 청년예술인 예술활동 적립계좌,YES
1011,20260527005400113224,청년 국가기술자격 응시료 지원 사업,YES
1011,20260527005400113223,전세보증금반환보증 보증료 지원,YES
1011,20260527005400213222,2026년 청년근로자 교통비 지원사업,NO
1011,20260527005400213221,2026년 청년창업자 임차료 지원사업,NO
1011,20260522005400213220,삼척형 일자리 안심공제,NO
1011,20260522005400213219,대학생 아르바이트 운영,NO
1011,20260522005400213218,삼척형 청년인턴 지원사업,NO
1012,20260605005400113228,청년미래적금,YES
1012,20260528005400113227,(농식품부) 농식품 바우처,YES
1012,20260528005400113226,(문체부) 청년예술인 예술활동 적립계좌,YES
1012,20260527005400113224,청년 국가기술자격 응시료 지원 사업,YES
1012,20260527005400113223,전세보증금반환보증 보증료 지원,YES
1012,20260527005400213222,2026년 청년근로자 교통비 지원사업,NO
1012,20260527005400213221,2026년 청년창업자 임차료 지원사업,NO
1012,20260522005400213220,삼척형 일자리 안심공제,YES
1012,20260522005400213219,대학생 아르바이트 운영,NO
1012,20260522005400213218,삼척형 청년인턴 지원사업,NO
1013,20260605005400113228,청년미래적금,YES
1013,20260528005400113227,(농식품부) 농식품 바우처,YES
1013,20260528005400113226,(문체부) 청년예술인 예술활동 적립계좌,YES
1013,20260527005400113224,청년 국가기술자격 응시료 지원 사업,YES
1013,20260527005400113223,전세보증금반환보증 보증료 지원,YES
1013,20260527005400213222,2026년 청년근로자 교통비 지원사업,NO
1013,20260527005400213221,2026년 청년창업자 임차료 지원사업,NO
1013,20260522005400213220,삼척형 일자리 안심공제,NO
1013,20260522005400213219,대학생 아르바이트 운영,NO
1013,20260522005400213218,삼척형 청년인턴 지원사업,NO
1014,20260605005400113228,청년미래적금,YES
1014,20260528005400113227,(농식품부) 농식품 바우처,YES
1014,20260528005400113226,(문체부) 청년예술인 예술활동 적립계좌,YES
1014,20260527005400113224,청년 국가기술자격 응시료 지원 사업,YES
1014,20260527005400113223,전세보증금반환보증 보증료 지원,YES
1014,20260527005400213222,2026년 청년근로자 교통비 지원사업,NO
1014,20260527005400213221,2026년 청년창업자 임차료 지원사업,NO
1014,20260522005400213220,삼척형 일자리 안심공제,NO
1014,20260522005400213219,대학생 아르바이트 운영,NO
1014,20260522005400213218,삼척형 청년인턴 지원사업,NO
1015,20260605005400113228,청년미래적금,YES
1015,20260528005400113227,(농식품부) 농식품 바우처,YES
1015,20260528005400113226,(문체부) 청년예술인 예술활동 적립계좌,YES
1015,20260527005400113224,청년 국가기술자격 응시료 지원 사업,YES
1015,20260527005400113223,전세보증금반환보증 보증료 지원,YES
1015,20260527005400213222,2026년 청년근로자 교통비 지원사업,NO
1015,20260527005400213221,2026년 청년창업자 임차료 지원사업,NO
1015,20260522005400213220,삼척형 일자리 안심공제,NO
1015,20260522005400213219,대학생 아르바이트 운영,NO
1015,20260522005400213218,삼척형 청년인턴 지원사업,NO
1016,20260605005400113228,청년미래적금,YES
1016,20260528005400113227,(농식품부) 농식품 바우처,YES
1016,20260528005400113226,(문체부) 청년예술인 예술활동 적립계좌,YES
1016,20260527005400113224,청년 국가기술자격 응시료 지원 사업,YES
1016,20260527005400113223,전세보증금반환보증 보증료 지원,YES
1016,20260527005400213222,2026년 청년근로자 교통비 지원사업,NO
1016,20260527005400213221,2026년 청년창업자 임차료 지원사업,NO
1016,20260522005400213220,삼척형 일자리 안심공제,NO
1016,20260522005400213219,대학생 아르바이트 운영,NO
1016,20260522005400213218,삼척형 청년인턴 지원사업,NO
1017,20260605005400113228,청년미래적금,YES
1017,20260528005400113227,(농식품부) 농식품 바우처,YES
1017,20260528005400113226,(문체부) 청년예술인 예술활동 적립계좌,YES
1017,20260527005400113224,청년 국가기술자격 응시료 지원 사업,YES
1017,20260527005400113223,전세보증금반환보증 보증료 지원,YES
1017,20260527005400213222,2026년 청년근로자 교통비 지원사업,NO
1017,20260527005400213221,2026년 청년창업자 임차료 지원사업,NO
1017,20260522005400213220,삼척형 일자리 안심공제,NO
1017,20260522005400213219,대학생 아르바이트 운영,NO
1017,20260522005400213218,삼척형 청년인턴 지원사업,NO
1018,20260605005400113228,청년미래적금,YES
1018,20260528005400113227,(농식품부) 농식품 바우처,YES
1018,20260528005400113226,(문체부) 청년예술인 예술활동 적립계좌,YES
1018,20260527005400113224,청년 국가기술자격 응시료 지원 사업,YES
1018,20260527005400113223,전세보증금반환보증 보증료 지원,YES
1018,20260527005400213222,2026년 청년근로자 교통비 지원사업,NO
1018,20260527005400213221,2026년 청년창업자 임차료 지원사업,NO
1018,20260522005400213220,삼척형 일자리 안심공제,NO
1018,20260522005400213219,대학생 아르바이트 운영,NO
1018,20260522005400213218,삼척형 청년인턴 지원사업,NO
1019,20260605005400113228,청년미래적금,YES
1019,20260528005400113227,(농식품부) 농식품 바우처,YES
1019,20260528005400113226,(문체부) 청년예술인 예술활동 적립계좌,YES
1019,20260527005400113224,청년 국가기술자격 응시료 지원 사업,YES
1019,20260527005400113223,전세보증금반환보증 보증료 지원,YES
1019,20260527005400213222,2026년 청년근로자 교통비 지원사업,NO
1019,20260527005400213221,2026년 청년창업자 임차료 지원사업,NO
1019,20260522005400213220,삼척형 일자리 안심공제,NO
1019,20260522005400213219,대학생 아르바이트 운영,NO
1019,20260522005400213218,삼척형 청년인턴 지원사업,NO
1020,20260605005400113228,청년미래적금,YES
1020,20260528005400113227,(농식품부) 농식품 바우처,YES
1020,20260528005400113226,(문체부) 청년예술인 예술활동 적립계좌,YES
1020,20260527005400113224,청년 국가기술자격 응시료 지원 사업,YES
1020,20260527005400113223,전세보증금반환보증 보증료 지원,YES
1020,20260527005400213222,2026년 청년근로자 교통비 지원사업,NO
1020,20260527005400213221,2026년 청년창업자 임차료 지원사업,NO
1020,20260522005400213220,삼척형 일자리 안심공제,NO
1020,20260522005400213219,대학생 아르바이트 운영,NO
1020,20260522005400213218,삼척형 청년인턴 지원사업,NO
1021,20260605005400113228,청년미래적금,YES
1021,20260528005400113227,(농식품부) 농식품 바우처,YES
1021,20260528005400113226,(문체부) 청년예술인 예술활동 적립계좌,YES
1021,20260527005400113224,청년 국가기술자격 응시료 지원 사업,YES
1021,20260527005400113223,전세보증금반환보증 보증료 지원,YES
1021,20260527005400213222,2026년 청년근로자 교통비 지원사업,NO
1021,20260527005400213221,2026년 청년창업자 임차료 지원사업,NO
1021,20260522005400213220,삼척형 일자리 안심공제,NO
1021,20260522005400213219,대학생 아르바이트 운영,NO
1021,20260522005400213218,삼척형 청년인턴 지원사업,NO
1022,20260605005400113228,청년미래적금,YES
1022,20260528005400113227,(농식품부) 농식품 바우처,NO
1022,20260528005400113226,(문체부) 청년예술인 예술활동 적립계좌,YES
1022,20260527005400113224,청년 국가기술자격 응시료 지원 사업,YES
1022,20260527005400113223,전세보증금반환보증 보증료 지원,YES
1022,20260527005400213222,2026년 청년근로자 교통비 지원사업,NO
1022,20260527005400213221,2026년 청년창업자 임차료 지원사업,NO
1022,20260522005400213220,삼척형 일자리 안심공제,NO
1022,20260522005400213219,대학생 아르바이트 운영,NO
1022,20260522005400213218,삼척형 청년인턴 지원사업,NO
1023,20260605005400113228,청년미래적금,YES
1023,20260528005400113227,(농식품부) 농식품 바우처,YES
1023,20260528005400113226,(문체부) 청년예술인 예술활동 적립계좌,YES
1023,20260527005400113224,청년 국가기술자격 응시료 지원 사업,YES
1023,20260527005400113223,전세보증금반환보증 보증료 지원,YES
1023,20260527005400213222,2026년 청년근로자 교통비 지원사업,NO
1023,20260527005400213221,2026년 청년창업자 임차료 지원사업,NO
1023,20260522005400213220,삼척형 일자리 안심공제,NO
1023,20260522005400213219,대학생 아르바이트 운영,NO
1023,20260522005400213218,삼척형 청년인턴 지원사업,NO
1024,20260605005400113228,청년미래적금,YES
1024,20260528005400113227,(농식품부) 농식품 바우처,YES
1024,20260528005400113226,(문체부) 청년예술인 예술활동 적립계좌,YES
1024,20260527005400113224,청년 국가기술자격 응시료 지원 사업,YES
1024,20260527005400113223,전세보증금반환보증 보증료 지원,YES
1024,20260527005400213222,2026년 청년근로자 교통비 지원사업,NO
1024,20260527005400213221,2026년 청년창업자 임차료 지원사업,NO
1024,20260522005400213220,삼척형 일자리 안심공제,NO
1024,20260522005400213219,대학생 아르바이트 운영,NO
1024,20260522005400213218,삼척형 청년인턴 지원사업,NO
1025,20260605005400113228,청년미래적금,YES
1025,20260528005400113227,(농식품부) 농식품 바우처,YES
1025,20260528005400113226,(문체부) 청년예술인 예술활동 적립계좌,YES
1025,20260527005400113224,청년 국가기술자격 응시료 지원 사업,YES
1025,20260527005400113223,전세보증금반환보증 보증료 지원,YES
1025,20260527005400213222,2026년 청년근로자 교통비 지원사업,NO
1025,20260527005400213221,2026년 청년창업자 임차료 지원사업,NO
1025,20260522005400213220,삼척형 일자리 안심공제,NO
1025,20260522005400213219,대학생 아르바이트 운영,NO
1025,20260522005400213218,삼척형 청년인턴 지원사업,NO
1026,20260605005400113228,청년미래적금,YES
1026,20260528005400113227,(농식품부) 농식품 바우처,YES
1026,20260528005400113226,(문체부) 청년예술인 예술활동 적립계좌,YES
1026,20260527005400113224,청년 국가기술자격 응시료 지원 사업,YES
1026,20260527005400113223,전세보증금반환보증 보증료 지원,YES
1026,20260527005400213222,2026년 청년근로자 교통비 지원사업,NO
1026,20260527005400213221,2026년 청년창업자 임차료 지원사업,NO
1026,20260522005400213220,삼척형 일자리 안심공제,NO
1026,20260522005400213219,대학생 아르바이트 운영,NO
1026,20260522005400213218,삼척형 청년인턴 지원사업,NO
1027,20260605005400113228,청년미래적금,YES
1027,20260528005400113227,(농식품부) 농식품 바우처,YES
1027,20260528005400113226,(문체부) 청년예술인 예술활동 적립계좌,YES
1027,20260527005400113224,청년 국가기술자격 응시료 지원 사업,YES
1027,20260527005400113223,전세보증금반환보증 보증료 지원,YES
1027,20260527005400213222,2026년 청년근로자 교통비 지원사업,NO
1027,20260527005400213221,2026년 청년창업자 임차료 지원사업,NO
1027,20260522005400213220,삼척형 일자리 안심공제,NO
1027,20260522005400213219,대학생 아르바이트 운영,NO
1027,20260522005400213218,삼척형 청년인턴 지원사업,NO
1028,20260605005400113228,청년미래적금,YES
1028,20260528005400113227,(농식품부) 농식품 바우처,YES
1028,20260528005400113226,(문체부) 청년예술인 예술활동 적립계좌,YES
1028,20260527005400113224,청년 국가기술자격 응시료 지원 사업,YES
1028,20260527005400113223,전세보증금반환보증 보증료 지원,YES
1028,20260527005400213222,2026년 청년근로자 교통비 지원사업,NO
1028,20260527005400213221,2026년 청년창업자 임차료 지원사업,NO
1028,20260522005400213220,삼척형 일자리 안심공제,NO
1028,20260522005400213219,대학생 아르바이트 운영,NO
1028,20260522005400213218,삼척형 청년인턴 지원사업,NO
1029,20260605005400113228,청년미래적금,YES
1029,20260528005400113227,(농식품부) 농식품 바우처,YES
1029,20260528005400113226,(문체부) 청년예술인 예술활동 적립계좌,YES
1029,20260527005400113224,청년 국가기술자격 응시료 지원 사업,YES
1029,20260527005400113223,전세보증금반환보증 보증료 지원,YES
1029,20260527005400213222,2026년 청년근로자 교통비 지원사업,NO
1029,20260527005400213221,2026년 청년창업자 임차료 지원사업,NO
1029,20260522005400213220,삼척형 일자리 안심공제,NO
1029,20260522005400213219,대학생 아르바이트 운영,NO
1029,20260522005400213218,삼척형 청년인턴 지원사업,NO
1030,20260605005400113228,청년미래적금,YES
1030,20260528005400113227,(농식품부) 농식품 바우처,YES
1030,20260528005400113226,(문체부) 청년예술인 예술활동 적립계좌,YES
1030,20260527005400113224,청년 국가기술자격 응시료 지원 사업,YES
1030,20260527005400113223,전세보증금반환보증 보증료 지원,YES
1030,20260527005400213222,2026년 청년근로자 교통비 지원사업,NO
1030,20260527005400213221,2026년 청년창업자 임차료 지원사업,NO
1030,20260522005400213220,삼척형 일자리 안심공제,NO
1030,20260522005400213219,대학생 아르바이트 운영,NO
1030,20260522005400213218,삼척형 청년인턴 지원사업,NO
1031,20260605005400113228,청년미래적금,YES
1031,20260528005400113227,(농식품부) 농식품 바우처,YES
1031,20260528005400113226,(문체부) 청년예술인 예술활동 적립계좌,YES
1031,20260527005400113224,청년 국가기술자격 응시료 지원 사업,YES
1031,20260527005400113223,전세보증금반환보증 보증료 지원,YES
1031,20260527005400213222,2026년 청년근로자 교통비 지원사업,NO
1031,20260527005400213221,2026년 청년창업자 임차료 지원사업,NO
1031,20260522005400213220,삼척형 일자리 안심공제,NO
1031,20260522005400213219,대학생 아르바이트 운영,NO
1031,20260522005400213218,삼척형 청년인턴 지원사업,NO
1032,20260605005400113228,청년미래적금,YES
1032,20260528005400113227,(농식품부) 농식품 바우처,YES
1032,20260528005400113226,(문체부) 청년예술인 예술활동 적립계좌,YES
1032,20260527005400113224,청년 국가기술자격 응시료 지원 사업,YES
1032,20260527005400113223,전세보증금반환보증 보증료 지원,YES
1032,20260527005400213222,2026년 청년근로자 교통비 지원사업,NO
1032,20260527005400213221,2026년 청년창업자 임차료 지원사업,NO
1032,20260522005400213220,삼척형 일자리 안심공제,NO
1032,20260522005400213219,대학생 아르바이트 운영,NO
1032,20260522005400213218,삼척형 청년인턴 지원사업,NO
1033,20260605005400113228,청년미래적금,YES
1033,20260528005400113227,(농식품부) 농식품 바우처,YES
1033,20260528005400113226,(문체부) 청년예술인 예술활동 적립계좌,YES
1033,20260527005400113224,청년 국가기술자격 응시료 지원 사업,YES
1033,20260527005400113223,전세보증금반환보증 보증료 지원,YES
1033,20260527005400213222,2026년 청년근로자 교통비 지원사업,NO
1033,20260527005400213221,2026년 청년창업자 임차료 지원사업,NO
1033,20260522005400213220,삼척형 일자리 안심공제,NO
1033,20260522005400213219,대학생 아르바이트 운영,NO
1033,20260522005400213218,삼척형 청년인턴 지원사업,NO
1034,20260605005400113228,청년미래적금,YES
1034,20260528005400113227,(농식품부) 농식품 바우처,YES
1034,20260528005400113226,(문체부) 청년예술인 예술활동 적립계좌,YES
1034,20260527005400113224,청년 국가기술자격 응시료 지원 사업,YES
1034,20260527005400113223,전세보증금반환보증 보증료 지원,YES
1034,20260527005400213222,2026년 청년근로자 교통비 지원사업,NO
1034,20260527005400213221,2026년 청년창업자 임차료 지원사업,NO
1034,20260522005400213220,삼척형 일자리 안심공제,NO
1034,20260522005400213219,대학생 아르바이트 운영,NO
1034,20260522005400213218,삼척형 청년인턴 지원사업,NO
1035,20260605005400113228,청년미래적금,YES
1035,20260528005400113227,(농식품부) 농식품 바우처,YES
1035,20260528005400113226,(문체부) 청년예술인 예술활동 적립계좌,YES
1035,20260527005400113224,청년 국가기술자격 응시료 지원 사업,YES
1035,20260527005400113223,전세보증금반환보증 보증료 지원,YES
1035,20260527005400213222,2026년 청년근로자 교통비 지원사업,NO
1035,20260527005400213221,2026년 청년창업자 임차료 지원사업,NO
1035,20260522005400213220,삼척형 일자리 안심공제,NO
1035,20260522005400213219,대학생 아르바이트 운영,NO
1035,20260522005400213218,삼척형 청년인턴 지원사업,NO
1036,20260605005400113228,청년미래적금,YES
1036,20260528005400113227,(농식품부) 농식품 바우처,YES
1036,20260528005400113226,(문체부) 청년예술인 예술활동 적립계좌,YES
1036,20260527005400113224,청년 국가기술자격 응시료 지원 사업,YES
1036,20260527005400113223,전세보증금반환보증 보증료 지원,YES
1036,20260527005400213222,2026년 청년근로자 교통비 지원사업,NO
1036,20260527005400213221,2026년 청년창업자 임차료 지원사업,NO
1036,20260522005400213220,삼척형 일자리 안심공제,NO
1036,20260522005400213219,대학생 아르바이트 운영,NO
1036,20260522005400213218,삼척형 청년인턴 지원사업,NO
1037,20260605005400113228,청년미래적금,YES
1037,20260528005400113227,(농식품부) 농식품 바우처,YES
1037,20260528005400113226,(문체부) 청년예술인 예술활동 적립계좌,YES
1037,20260527005400113224,청년 국가기술자격 응시료 지원 사업,YES
1037,20260527005400113223,전세보증금반환보증 보증료 지원,YES
1037,20260527005400213222,2026년 청년근로자 교통비 지원사업,NO
1037,20260527005400213221,2026년 청년창업자 임차료 지원사업,NO
1037,20260522005400213220,삼척형 일자리 안심공제,NO
1037,20260522005400213219,대학생 아르바이트 운영,NO
1037,20260522005400213218,삼척형 청년인턴 지원사업,NO
1038,20260605005400113228,청년미래적금,YES
1038,20260528005400113227,(농식품부) 농식품 바우처,YES
1038,20260528005400113226,(문체부) 청년예술인 예술활동 적립계좌,YES
1038,20260527005400113224,청년 국가기술자격 응시료 지원 사업,YES
1038,20260527005400113223,전세보증금반환보증 보증료 지원,YES
1038,20260527005400213222,2026년 청년근로자 교통비 지원사업,NO
1038,20260527005400213221,2026년 청년창업자 임차료 지원사업,NO
1038,20260522005400213220,삼척형 일자리 안심공제,NO
1038,20260522005400213219,대학생 아르바이트 운영,NO
1038,20260522005400213218,삼척형 청년인턴 지원사업,NO
1039,20260605005400113228,청년미래적금,YES
1039,20260528005400113227,(농식품부) 농식품 바우처,YES
1039,20260528005400113226,(문체부) 청년예술인 예술활동 적립계좌,YES
1039,20260527005400113224,청년 국가기술자격 응시료 지원 사업,YES
1039,20260527005400113223,전세보증금반환보증 보증료 지원,YES
1039,20260527005400213222,2026년 청년근로자 교통비 지원사업,NO
1039,20260527005400213221,2026년 청년창업자 임차료 지원사업,NO
1039,20260522005400213220,삼척형 일자리 안심공제,NO
1039,20260522005400213219,대학생 아르바이트 운영,NO
1039,20260522005400213218,삼척형 청년인턴 지원사업,NO
1040,20260605005400113228,청년미래적금,YES
1040,20260528005400113227,(농식품부) 농식품 바우처,YES
1040,20260528005400113226,(문체부) 청년예술인 예술활동 적립계좌,YES
1040,20260527005400113224,청년 국가기술자격 응시료 지원 사업,YES
1040,20260527005400113223,전세보증금반환보증 보증료 지원,YES
1040,20260527005400213222,2026년 청년근로자 교통비 지원사업,NO
1040,20260527005400213221,2026년 청년창업자 임차료 지원사업,NO
1040,20260522005400213220,삼척형 일자리 안심공제,NO
1040,20260522005400213219,대학생 아르바이트 운영,NO
1040,20260522005400213218,삼척형 청년인턴 지원사업,NO
1041,20260605005400113228,청년미래적금,YES
1041,20260528005400113227,(농식품부) 농식품 바우처,YES
1041,20260528005400113226,(문체부) 청년예술인 예술활동 적립계좌,YES
1041,20260527005400113224,청년 국가기술자격 응시료 지원 사업,YES
1041,20260527005400113223,전세보증금반환보증 보증료 지원,YES
1041,20260527005400213222,2026년 청년근로자 교통비 지원사업,NO
1041,20260527005400213221,2026년 청년창업자 임차료 지원사업,NO
1041,20260522005400213220,삼척형 일자리 안심공제,NO
1041,20260522005400213219,대학생 아르바이트 운영,NO
1041,20260522005400213218,삼척형 청년인턴 지원사업,NO
1042,20260605005400113228,청년미래적금,YES
1042,20260528005400113227,(농식품부) 농식품 바우처,YES
1042,20260528005400113226,(문체부) 청년예술인 예술활동 적립계좌,YES
1042,20260527005400113224,청년 국가기술자격 응시료 지원 사업,YES
1042,20260527005400113223,전세보증금반환보증 보증료 지원,YES
1042,20260527005400213222,2026년 청년근로자 교통비 지원사업,NO
1042,20260527005400213221,2026년 청년창업자 임차료 지원사업,NO
1042,20260522005400213220,삼척형 일자리 안심공제,NO
1042,20260522005400213219,대학생 아르바이트 운영,NO
1042,20260522005400213218,삼척형 청년인턴 지원사업,NO
1043,20260605005400113228,청년미래적금,YES
1043,20260528005400113227,(농식품부) 농식품 바우처,YES
1043,20260528005400113226,(문체부) 청년예술인 예술활동 적립계좌,YES
1043,20260527005400113224,청년 국가기술자격 응시료 지원 사업,YES
1043,20260527005400113223,전세보증금반환보증 보증료 지원,YES
1043,20260527005400213222,2026년 청년근로자 교통비 지원사업,NO
1043,20260527005400213221,2026년 청년창업자 임차료 지원사업,NO
1043,20260522005400213220,삼척형 일자리 안심공제,NO
1043,20260522005400213219,대학생 아르바이트 운영,NO
1043,20260522005400213218,삼척형 청년인턴 지원사업,NO
1044,20260605005400113228,청년미래적금,YES
1044,20260528005400113227,(농식품부) 농식품 바우처,YES
1044,20260528005400113226,(문체부) 청년예술인 예술활동 적립계좌,YES
1044,20260527005400113224,청년 국가기술자격 응시료 지원 사업,YES
1044,20260527005400113223,전세보증금반환보증 보증료 지원,YES
1044,20260527005400213222,2026년 청년근로자 교통비 지원사업,NO
1044,20260527005400213221,2026년 청년창업자 임차료 지원사업,NO
1044,20260522005400213220,삼척형 일자리 안심공제,NO
1044,20260522005400213219,대학생 아르바이트 운영,NO
1044,20260522005400213218,삼척형 청년인턴 지원사업,NO
1045,20260605005400113228,청년미래적금,YES
1045,20260528005400113227,(농식품부) 농식품 바우처,YES
1045,20260528005400113226,(문체부) 청년예술인 예술활동 적립계좌,YES
1045,20260527005400113224,청년 국가기술자격 응시료 지원 사업,YES
1045,20260527005400113223,전세보증금반환보증 보증료 지원,YES
1045,20260527005400213222,2026년 청년근로자 교통비 지원사업,NO
1045,20260527005400213221,2026년 청년창업자 임차료 지원사업,NO
1045,20260522005400213220,삼척형 일자리 안심공제,NO
1045,20260522005400213219,대학생 아르바이트 운영,NO
1045,20260522005400213218,삼척형 청년인턴 지원사업,NO
1046,20260605005400113228,청년미래적금,YES
1046,20260528005400113227,(농식품부) 농식품 바우처,YES
1046,20260528005400113226,(문체부) 청년예술인 예술활동 적립계좌,YES
1046,20260527005400113224,청년 국가기술자격 응시료 지원 사업,YES
1046,20260527005400113223,전세보증금반환보증 보증료 지원,YES
1046,20260527005400213222,2026년 청년근로자 교통비 지원사업,NO
1046,20260527005400213221,2026년 청년창업자 임차료 지원사업,NO
1046,20260522005400213220,삼척형 일자리 안심공제,NO
1046,20260522005400213219,대학생 아르바이트 운영,NO
1046,20260522005400213218,삼척형 청년인턴 지원사업,NO
1047,20260605005400113228,청년미래적금,YES
1047,20260528005400113227,(농식품부) 농식품 바우처,YES
1047,20260528005400113226,(문체부) 청년예술인 예술활동 적립계좌,YES
1047,20260527005400113224,청년 국가기술자격 응시료 지원 사업,YES
1047,20260527005400113223,전세보증금반환보증 보증료 지원,YES
1047,20260527005400213222,2026년 청년근로자 교통비 지원사업,NO
1047,20260527005400213221,2026년 청년창업자 임차료 지원사업,NO
1047,20260522005400213220,삼척형 일자리 안심공제,NO
1047,20260522005400213219,대학생 아르바이트 운영,NO
1047,20260522005400213218,삼척형 청년인턴 지원사업,NO
1048,20260605005400113228,청년미래적금,YES
1048,20260528005400113227,(농식품부) 농식품 바우처,YES
1048,20260528005400113226,(문체부) 청년예술인 예술활동 적립계좌,YES
1048,20260527005400113224,청년 국가기술자격 응시료 지원 사업,YES
1048,20260527005400113223,전세보증금반환보증 보증료 지원,YES
1048,20260527005400213222,2026년 청년근로자 교통비 지원사업,NO
1048,20260527005400213221,2026년 청년창업자 임차료 지원사업,NO
1048,20260522005400213220,삼척형 일자리 안심공제,NO
1048,20260522005400213219,대학생 아르바이트 운영,NO
1048,20260522005400213218,삼척형 청년인턴 지원사업,NO
1049,20260605005400113228,청년미래적금,YES
1049,20260528005400113227,(농식품부) 농식품 바우처,YES
1049,20260528005400113226,(문체부) 청년예술인 예술활동 적립계좌,YES
1049,20260527005400113224,청년 국가기술자격 응시료 지원 사업,YES
1049,20260527005400113223,전세보증금반환보증 보증료 지원,YES
1049,20260527005400213222,2026년 청년근로자 교통비 지원사업,NO
1049,20260527005400213221,2026년 청년창업자 임차료 지원사업,NO
1049,20260522005400213220,삼척형 일자리 안심공제,NO
1049,20260522005400213219,대학생 아르바이트 운영,NO
1049,20260522005400213218,삼척형 청년인턴 지원사업,NO
1050,20260605005400113228,청년미래적금,YES
1050,20260528005400113227,(농식품부) 농식품 바우처,YES
1050,20260528005400113226,(문체부) 청년예술인 예술활동 적립계좌,YES
1050,20260527005400113224,청년 국가기술자격 응시료 지원 사업,YES
1050,20260527005400113223,전세보증금반환보증 보증료 지원,YES
1050,20260527005400213222,2026년 청년근로자 교통비 지원사업,NO
1050,20260527005400213221,2026년 청년창업자 임차료 지원사업,NO
1050,20260522005400213220,삼척형 일자리 안심공제,NO
1050,20260522005400213219,대학생 아르바이트 운영,NO
1050,20260522005400213218,삼척형 청년인턴 지원사업,NO
1051,20260605005400113228,청년미래적금,YES
1051,20260528005400113227,(농식품부) 농식품 바우처,YES
1051,20260528005400113226,(문체부) 청년예술인 예술활동 적립계좌,YES
1051,20260527005400113224,청년 국가기술자격 응시료 지원 사업,YES
1051,20260527005400113223,전세보증금반환보증 보증료 지원,YES
1051,20260527005400213222,2026년 청년근로자 교통비 지원사업,NO
1051,20260527005400213221,2026년 청년창업자 임차료 지원사업,NO
1051,20260522005400213220,삼척형 일자리 안심공제,NO
1051,20260522005400213219,대학생 아르바이트 운영,NO
1051,20260522005400213218,삼척형 청년인턴 지원사업,NO
1052,20260605005400113228,청년미래적금,YES
1052,20260528005400113227,(농식품부) 농식품 바우처,YES
1052,20260528005400113226,(문체부) 청년예술인 예술활동 적립계좌,YES
1052,20260527005400113224,청년 국가기술자격 응시료 지원 사업,YES
1052,20260527005400113223,전세보증금반환보증 보증료 지원,YES
1052,20260527005400213222,2026년 청년근로자 교통비 지원사업,NO
1052,20260527005400213221,2026년 청년창업자 임차료 지원사업,NO
1052,20260522005400213220,삼척형 일자리 안심공제,NO
1052,20260522005400213219,대학생 아르바이트 운영,NO
1052,20260522005400213218,삼척형 청년인턴 지원사업,NO
1053,20260605005400113228,청년미래적금,YES
1053,20260528005400113227,(농식품부) 농식품 바우처,YES
1053,20260528005400113226,(문체부) 청년예술인 예술활동 적립계좌,YES
1053,20260527005400113224,청년 국가기술자격 응시료 지원 사업,YES
1053,20260527005400113223,전세보증금반환보증 보증료 지원,YES
1053,20260527005400213222,2026년 청년근로자 교통비 지원사업,NO
1053,20260527005400213221,2026년 청년창업자 임차료 지원사업,NO
1053,20260522005400213220,삼척형 일자리 안심공제,NO
1053,20260522005400213219,대학생 아르바이트 운영,NO
1053,20260522005400213218,삼척형 청년인턴 지원사업,NO
1054,20260605005400113228,청년미래적금,YES
1054,20260528005400113227,(농식품부) 농식품 바우처,YES
1054,20260528005400113226,(문체부) 청년예술인 예술활동 적립계좌,YES
1054,20260527005400113224,청년 국가기술자격 응시료 지원 사업,YES
1054,20260527005400113223,전세보증금반환보증 보증료 지원,YES
1054,20260527005400213222,2026년 청년근로자 교통비 지원사업,NO
1054,20260527005400213221,2026년 청년창업자 임차료 지원사업,NO
1054,20260522005400213220,삼척형 일자리 안심공제,NO
1054,20260522005400213219,대학생 아르바이트 운영,NO
1054,20260522005400213218,삼척형 청년인턴 지원사업,NO
1055,20260605005400113228,청년미래적금,YES
1055,20260528005400113227,(농식품부) 농식품 바우처,YES
1055,20260528005400113226,(문체부) 청년예술인 예술활동 적립계좌,YES
1055,20260527005400113224,청년 국가기술자격 응시료 지원 사업,YES
1055,20260527005400113223,전세보증금반환보증 보증료 지원,YES
1055,20260527005400213222,2026년 청년근로자 교통비 지원사업,NO
1055,20260527005400213221,2026년 청년창업자 임차료 지원사업,NO
1055,20260522005400213220,삼척형 일자리 안심공제,NO
1055,20260522005400213219,대학생 아르바이트 운영,NO
1055,20260522005400213218,삼척형 청년인턴 지원사업,NO
1056,20260605005400113228,청년미래적금,YES
1056,20260528005400113227,(농식품부) 농식품 바우처,YES
1056,20260528005400113226,(문체부) 청년예술인 예술활동 적립계좌,YES
1056,20260527005400113224,청년 국가기술자격 응시료 지원 사업,YES
1056,20260527005400113223,전세보증금반환보증 보증료 지원,YES
1056,20260527005400213222,2026년 청년근로자 교통비 지원사업,NO
1056,20260527005400213221,2026년 청년창업자 임차료 지원사업,NO
1056,20260522005400213220,삼척형 일자리 안심공제,NO
1056,20260522005400213219,대학생 아르바이트 운영,NO
1056,20260522005400213218,삼척형 청년인턴 지원사업,NO
1057,20260605005400113228,청년미래적금,NO
1057,20260528005400113227,(농식품부) 농식품 바우처,NO
1057,20260528005400113226,(문체부) 청년예술인 예술활동 적립계좌,NO
1057,20260527005400113224,청년 국가기술자격 응시료 지원 사업,NO
1057,20260527005400113223,전세보증금반환보증 보증료 지원,NO
1057,20260527005400213222,2026년 청년근로자 교통비 지원사업,NO
1057,20260527005400213221,2026년 청년창업자 임차료 지원사업,NO
1057,20260522005400213220,삼척형 일자리 안심공제,NO
1057,20260522005400213219,대학생 아르바이트 운영,NO
1057,20260522005400213218,삼척형 청년인턴 지원사업,NO
1058,20260605005400113228,청년미래적금,YES
1058,20260528005400113227,(농식품부) 농식품 바우처,YES
1058,20260528005400113226,(문체부) 청년예술인 예술활동 적립계좌,YES
1058,20260527005400113224,청년 국가기술자격 응시료 지원 사업,YES
1058,20260527005400113223,전세보증금반환보증 보증료 지원,YES
1058,20260527005400213222,2026년 청년근로자 교통비 지원사업,NO
1058,20260527005400213221,2026년 청년창업자 임차료 지원사업,NO
1058,20260522005400213220,삼척형 일자리 안심공제,NO
1058,20260522005400213219,대학생 아르바이트 운영,NO
1058,20260522005400213218,삼척형 청년인턴 지원사업,NO
1059,20260605005400113228,청년미래적금,YES
1059,20260528005400113227,(농식품부) 농식품 바우처,YES
1059,20260528005400113226,(문체부) 청년예술인 예술활동 적립계좌,YES
1059,20260527005400113224,청년 국가기술자격 응시료 지원 사업,YES
1059,20260527005400113223,전세보증금반환보증 보증료 지원,YES
1059,20260527005400213222,2026년 청년근로자 교통비 지원사업,NO
1059,20260527005400213221,2026년 청년창업자 임차료 지원사업,NO
1059,20260522005400213220,삼척형 일자리 안심공제,NO
1059,20260522005400213219,대학생 아르바이트 운영,NO
1059,20260522005400213218,삼척형 청년인턴 지원사업,NO
1060,20260605005400113228,청년미래적금,NO
1060,20260528005400113227,(농식품부) 농식품 바우처,NO
1060,20260528005400113226,(문체부) 청년예술인 예술활동 적립계좌,NO
1060,20260527005400113224,청년 국가기술자격 응시료 지원 사업,NO
1060,20260527005400113223,전세보증금반환보증 보증료 지원,NO
1060,20260527005400213222,2026년 청년근로자 교통비 지원사업,NO
1060,20260527005400213221,2026년 청년창업자 임차료 지원사업,NO
1060,20260522005400213220,삼척형 일자리 안심공제,NO
1060,20260522005400213219,대학생 아르바이트 운영,NO
1060,20260522005400213218,삼척형 청년인턴 지원사업,NO
1061,20260605005400113228,청년미래적금,YES
1061,20260528005400113227,(농식품부) 농식품 바우처,YES
1061,20260528005400113226,(문체부) 청년예술인 예술활동 적립계좌,YES
1061,20260527005400113224,청년 국가기술자격 응시료 지원 사업,YES
1061,20260527005400113223,전세보증금반환보증 보증료 지원,YES
1061,20260527005400213222,2026년 청년근로자 교통비 지원사업,NO
1061,20260527005400213221,2026년 청년창업자 임차료 지원사업,NO
1061,20260522005400213220,삼척형 일자리 안심공제,NO
1061,20260522005400213219,대학생 아르바이트 운영,NO
1061,20260522005400213218,삼척형 청년인턴 지원사업,NO
1062,20260605005400113228,청년미래적금,YES
1062,20260528005400113227,(농식품부) 농식품 바우처,YES
1062,20260528005400113226,(문체부) 청년예술인 예술활동 적립계좌,YES
1062,20260527005400113224,청년 국가기술자격 응시료 지원 사업,YES
1062,20260527005400113223,전세보증금반환보증 보증료 지원,YES
1062,20260527005400213222,2026년 청년근로자 교통비 지원사업,NO
1062,20260527005400213221,2026년 청년창업자 임차료 지원사업,NO
1062,20260522005400213220,삼척형 일자리 안심공제,NO
1062,20260522005400213219,대학생 아르바이트 운영,NO
1062,20260522005400213218,삼척형 청년인턴 지원사업,NO
1063,20260605005400113228,청년미래적금,YES
1063,20260528005400113227,(농식품부) 농식품 바우처,YES
1063,20260528005400113226,(문체부) 청년예술인 예술활동 적립계좌,YES
1063,20260527005400113224,청년 국가기술자격 응시료 지원 사업,YES
1063,20260527005400113223,전세보증금반환보증 보증료 지원,YES
1063,20260527005400213222,2026년 청년근로자 교통비 지원사업,NO
1063,20260527005400213221,2026년 청년창업자 임차료 지원사업,YES
1063,20260522005400213220,삼척형 일자리 안심공제,NO
1063,20260522005400213219,대학생 아르바이트 운영,NO
1063,20260522005400213218,삼척형 청년인턴 지원사업,NO
1064,20260605005400113228,청년미래적금,YES
1064,20260528005400113227,(농식품부) 농식품 바우처,YES
1064,20260528005400113226,(문체부) 청년예술인 예술활동 적립계좌,YES
1064,20260527005400113224,청년 국가기술자격 응시료 지원 사업,YES
1064,20260527005400113223,전세보증금반환보증 보증료 지원,YES
1064,20260527005400213222,2026년 청년근로자 교통비 지원사업,NO
1064,20260527005400213221,2026년 청년창업자 임차료 지원사업,NO
1064,20260522005400213220,삼척형 일자리 안심공제,NO
1064,20260522005400213219,대학생 아르바이트 운영,NO
1064,20260522005400213218,삼척형 청년인턴 지원사업,NO
1065,20260605005400113228,청년미래적금,YES
1065,20260528005400113227,(농식품부) 농식품 바우처,YES
1065,20260528005400113226,(문체부) 청년예술인 예술활동 적립계좌,YES
1065,20260527005400113224,청년 국가기술자격 응시료 지원 사업,YES
1065,20260527005400113223,전세보증금반환보증 보증료 지원,YES
1065,20260527005400213222,2026년 청년근로자 교통비 지원사업,NO
1065,20260527005400213221,2026년 청년창업자 임차료 지원사업,NO
1065,20260522005400213220,삼척형 일자리 안심공제,NO
1065,20260522005400213219,대학생 아르바이트 운영,NO
1065,20260522005400213218,삼척형 청년인턴 지원사업,NO
1066,20260605005400113228,청년미래적금,YES
1066,20260528005400113227,(농식품부) 농식품 바우처,YES
1066,20260528005400113226,(문체부) 청년예술인 예술활동 적립계좌,YES
1066,20260527005400113224,청년 국가기술자격 응시료 지원 사업,YES
1066,20260527005400113223,전세보증금반환보증 보증료 지원,YES
1066,20260527005400213222,2026년 청년근로자 교통비 지원사업,NO
1066,20260527005400213221,2026년 청년창업자 임차료 지원사업,NO
1066,20260522005400213220,삼척형 일자리 안심공제,NO
1066,20260522005400213219,대학생 아르바이트 운영,NO
1066,20260522005400213218,삼척형 청년인턴 지원사업,NO
1067,20260605005400113228,청년미래적금,YES
1067,20260528005400113227,(농식품부) 농식품 바우처,YES
1067,20260528005400113226,(문체부) 청년예술인 예술활동 적립계좌,YES
1067,20260527005400113224,청년 국가기술자격 응시료 지원 사업,YES
1067,20260527005400113223,전세보증금반환보증 보증료 지원,YES
1067,20260527005400213222,2026년 청년근로자 교통비 지원사업,NO
1067,20260527005400213221,2026년 청년창업자 임차료 지원사업,YES
1067,20260522005400213220,삼척형 일자리 안심공제,NO
1067,20260522005400213219,대학생 아르바이트 운영,NO
1067,20260522005400213218,삼척형 청년인턴 지원사업,NO
1068,20260605005400113228,청년미래적금,YES
1068,20260528005400113227,(농식품부) 농식품 바우처,YES
1068,20260528005400113226,(문체부) 청년예술인 예술활동 적립계좌,YES
1068,20260527005400113224,청년 국가기술자격 응시료 지원 사업,YES
1068,20260527005400113223,전세보증금반환보증 보증료 지원,YES
1068,20260527005400213222,2026년 청년근로자 교통비 지원사업,NO
1068,20260527005400213221,2026년 청년창업자 임차료 지원사업,NO
1068,20260522005400213220,삼척형 일자리 안심공제,NO
1068,20260522005400213219,대학생 아르바이트 운영,NO
1068,20260522005400213218,삼척형 청년인턴 지원사업,NO
1069,20260605005400113228,청년미래적금,YES
1069,20260528005400113227,(농식품부) 농식품 바우처,YES
1069,20260528005400113226,(문체부) 청년예술인 예술활동 적립계좌,YES
1069,20260527005400113224,청년 국가기술자격 응시료 지원 사업,YES
1069,20260527005400113223,전세보증금반환보증 보증료 지원,YES
1069,20260527005400213222,2026년 청년근로자 교통비 지원사업,NO
1069,20260527005400213221,2026년 청년창업자 임차료 지원사업,NO
1069,20260522005400213220,삼척형 일자리 안심공제,NO
1069,20260522005400213219,대학생 아르바이트 운영,NO
1069,20260522005400213218,삼척형 청년인턴 지원사업,NO
1070,20260605005400113228,청년미래적금,NO
1070,20260528005400113227,(농식품부) 농식품 바우처,NO
1070,20260528005400113226,(문체부) 청년예술인 예술활동 적립계좌,NO
1070,20260527005400113224,청년 국가기술자격 응시료 지원 사업,NO
1070,20260527005400113223,전세보증금반환보증 보증료 지원,NO
1070,20260527005400213222,2026년 청년근로자 교통비 지원사업,NO
1070,20260527005400213221,2026년 청년창업자 임차료 지원사업,NO
1070,20260522005400213220,삼척형 일자리 안심공제,NO
1070,20260522005400213219,대학생 아르바이트 운영,NO
1070,20260522005400213218,삼척형 청년인턴 지원사업,NO
1071,20260605005400113228,청년미래적금,YES
1071,20260528005400113227,(농식품부) 농식품 바우처,YES
1071,20260528005400113226,(문체부) 청년예술인 예술활동 적립계좌,YES
1071,20260527005400113224,청년 국가기술자격 응시료 지원 사업,YES
1071,20260527005400113223,전세보증금반환보증 보증료 지원,YES
1071,20260527005400213222,2026년 청년근로자 교통비 지원사업,NO
1071,20260527005400213221,2026년 청년창업자 임차료 지원사업,NO
1071,20260522005400213220,삼척형 일자리 안심공제,NO
1071,20260522005400213219,대학생 아르바이트 운영,NO
1071,20260522005400213218,삼척형 청년인턴 지원사업,NO
1072,20260605005400113228,청년미래적금,YES
1072,20260528005400113227,(농식품부) 농식품 바우처,YES
1072,20260528005400113226,(문체부) 청년예술인 예술활동 적립계좌,YES
1072,20260527005400113224,청년 국가기술자격 응시료 지원 사업,YES
1072,20260527005400113223,전세보증금반환보증 보증료 지원,YES
1072,20260527005400213222,2026년 청년근로자 교통비 지원사업,NO
1072,20260527005400213221,2026년 청년창업자 임차료 지원사업,NO
1072,20260522005400213220,삼척형 일자리 안심공제,NO
1072,20260522005400213219,대학생 아르바이트 운영,NO
1072,20260522005400213218,삼척형 청년인턴 지원사업,NO
1073,20260605005400113228,청년미래적금,YES
1073,20260528005400113227,(농식품부) 농식품 바우처,YES
1073,20260528005400113226,(문체부) 청년예술인 예술활동 적립계좌,YES
1073,20260527005400113224,청년 국가기술자격 응시료 지원 사업,YES
1073,20260527005400113223,전세보증금반환보증 보증료 지원,YES
1073,20260527005400213222,2026년 청년근로자 교통비 지원사업,NO
1073,20260527005400213221,2026년 청년창업자 임차료 지원사업,YES
1073,20260522005400213220,삼척형 일자리 안심공제,NO
1073,20260522005400213219,대학생 아르바이트 운영,NO
1073,20260522005400213218,삼척형 청년인턴 지원사업,NO
1074,20260605005400113228,청년미래적금,YES
1074,20260528005400113227,(농식품부) 농식품 바우처,YES
1074,20260528005400113226,(문체부) 청년예술인 예술활동 적립계좌,YES
1074,20260527005400113224,청년 국가기술자격 응시료 지원 사업,YES
1074,20260527005400113223,전세보증금반환보증 보증료 지원,YES
1074,20260527005400213222,2026년 청년근로자 교통비 지원사업,NO
1074,20260527005400213221,2026년 청년창업자 임차료 지원사업,NO
1074,20260522005400213220,삼척형 일자리 안심공제,NO
1074,20260522005400213219,대학생 아르바이트 운영,NO
1074,20260522005400213218,삼척형 청년인턴 지원사업,NO
1075,20260605005400113228,청년미래적금,YES
1075,20260528005400113227,(농식품부) 농식품 바우처,YES
1075,20260528005400113226,(문체부) 청년예술인 예술활동 적립계좌,YES
1075,20260527005400113224,청년 국가기술자격 응시료 지원 사업,YES
1075,20260527005400113223,전세보증금반환보증 보증료 지원,YES
1075,20260527005400213222,2026년 청년근로자 교통비 지원사업,NO
1075,20260527005400213221,2026년 청년창업자 임차료 지원사업,YES
1075,20260522005400213220,삼척형 일자리 안심공제,NO
1075,20260522005400213219,대학생 아르바이트 운영,NO
1075,20260522005400213218,삼척형 청년인턴 지원사업,NO
1076,20260605005400113228,청년미래적금,YES
1076,20260528005400113227,(농식품부) 농식품 바우처,YES
1076,20260528005400113226,(문체부) 청년예술인 예술활동 적립계좌,YES
1076,20260527005400113224,청년 국가기술자격 응시료 지원 사업,YES
1076,20260527005400113223,전세보증금반환보증 보증료 지원,YES
1076,20260527005400213222,2026년 청년근로자 교통비 지원사업,NO
1076,20260527005400213221,2026년 청년창업자 임차료 지원사업,NO
1076,20260522005400213220,삼척형 일자리 안심공제,NO
1076,20260522005400213219,대학생 아르바이트 운영,NO
1076,20260522005400213218,삼척형 청년인턴 지원사업,NO
1077,20260605005400113228,청년미래적금,YES
1077,20260528005400113227,(농식품부) 농식품 바우처,YES
1077,20260528005400113226,(문체부) 청년예술인 예술활동 적립계좌,YES
1077,20260527005400113224,청년 국가기술자격 응시료 지원 사업,YES
1077,20260527005400113223,전세보증금반환보증 보증료 지원,YES
1077,20260527005400213222,2026년 청년근로자 교통비 지원사업,NO
1077,20260527005400213221,2026년 청년창업자 임차료 지원사업,NO
1077,20260522005400213220,삼척형 일자리 안심공제,NO
1077,20260522005400213219,대학생 아르바이트 운영,NO
1077,20260522005400213218,삼척형 청년인턴 지원사업,NO
1078,20260605005400113228,청년미래적금,YES
1078,20260528005400113227,(농식품부) 농식품 바우처,YES
1078,20260528005400113226,(문체부) 청년예술인 예술활동 적립계좌,YES
1078,20260527005400113224,청년 국가기술자격 응시료 지원 사업,YES
1078,20260527005400113223,전세보증금반환보증 보증료 지원,YES
1078,20260527005400213222,2026년 청년근로자 교통비 지원사업,NO
1078,20260527005400213221,2026년 청년창업자 임차료 지원사업,NO
1078,20260522005400213220,삼척형 일자리 안심공제,NO
1078,20260522005400213219,대학생 아르바이트 운영,NO
1078,20260522005400213218,삼척형 청년인턴 지원사업,NO
1079,20260605005400113228,청년미래적금,YES
1079,20260528005400113227,(농식품부) 농식품 바우처,YES
1079,20260528005400113226,(문체부) 청년예술인 예술활동 적립계좌,YES
1079,20260527005400113224,청년 국가기술자격 응시료 지원 사업,YES
1079,20260527005400113223,전세보증금반환보증 보증료 지원,YES
1079,20260527005400213222,2026년 청년근로자 교통비 지원사업,NO
1079,20260527005400213221,2026년 청년창업자 임차료 지원사업,NO
1079,20260522005400213220,삼척형 일자리 안심공제,NO
1079,20260522005400213219,대학생 아르바이트 운영,NO
1079,20260522005400213218,삼척형 청년인턴 지원사업,NO
1080,20260605005400113228,청년미래적금,NO
1080,20260528005400113227,(농식품부) 농식품 바우처,NO
1080,20260528005400113226,(문체부) 청년예술인 예술활동 적립계좌,NO
1080,20260527005400113224,청년 국가기술자격 응시료 지원 사업,NO
1080,20260527005400113223,전세보증금반환보증 보증료 지원,NO
1080,20260527005400213222,2026년 청년근로자 교통비 지원사업,NO
1080,20260527005400213221,2026년 청년창업자 임차료 지원사업,NO
1080,20260522005400213220,삼척형 일자리 안심공제,NO
1080,20260522005400213219,대학생 아르바이트 운영,NO
1080,20260522005400213218,삼척형 청년인턴 지원사업,NO
1081,20260605005400113228,청년미래적금,YES
1081,20260528005400113227,(농식품부) 농식품 바우처,YES
1081,20260528005400113226,(문체부) 청년예술인 예술활동 적립계좌,YES
1081,20260527005400113224,청년 국가기술자격 응시료 지원 사업,YES
1081,20260527005400113223,전세보증금반환보증 보증료 지원,YES
1081,20260527005400213222,2026년 청년근로자 교통비 지원사업,NO
1081,20260527005400213221,2026년 청년창업자 임차료 지원사업,NO
1081,20260522005400213220,삼척형 일자리 안심공제,NO
1081,20260522005400213219,대학생 아르바이트 운영,NO
1081,20260522005400213218,삼척형 청년인턴 지원사업,NO
1082,20260605005400113228,청년미래적금,YES
1082,20260528005400113227,(농식품부) 농식품 바우처,YES
1082,20260528005400113226,(문체부) 청년예술인 예술활동 적립계좌,YES
1082,20260527005400113224,청년 국가기술자격 응시료 지원 사업,YES
1082,20260527005400113223,전세보증금반환보증 보증료 지원,YES
1082,20260527005400213222,2026년 청년근로자 교통비 지원사업,NO
1082,20260527005400213221,2026년 청년창업자 임차료 지원사업,NO
1082,20260522005400213220,삼척형 일자리 안심공제,NO
1082,20260522005400213219,대학생 아르바이트 운영,NO
1082,20260522005400213218,삼척형 청년인턴 지원사업,NO
1083,20260605005400113228,청년미래적금,YES
1083,20260528005400113227,(농식품부) 농식품 바우처,YES
1083,20260528005400113226,(문체부) 청년예술인 예술활동 적립계좌,YES
1083,20260527005400113224,청년 국가기술자격 응시료 지원 사업,YES
1083,20260527005400113223,전세보증금반환보증 보증료 지원,YES
1083,20260527005400213222,2026년 청년근로자 교통비 지원사업,NO
1083,20260527005400213221,2026년 청년창업자 임차료 지원사업,NO
1083,20260522005400213220,삼척형 일자리 안심공제,NO
1083,20260522005400213219,대학생 아르바이트 운영,NO
1083,20260522005400213218,삼척형 청년인턴 지원사업,NO
1084,20260605005400113228,청년미래적금,YES
1084,20260528005400113227,(농식품부) 농식품 바우처,YES
1084,20260528005400113226,(문체부) 청년예술인 예술활동 적립계좌,YES
1084,20260527005400113224,청년 국가기술자격 응시료 지원 사업,YES
1084,20260527005400113223,전세보증금반환보증 보증료 지원,YES
1084,20260527005400213222,2026년 청년근로자 교통비 지원사업,NO
1084,20260527005400213221,2026년 청년창업자 임차료 지원사업,NO
1084,20260522005400213220,삼척형 일자리 안심공제,NO
1084,20260522005400213219,대학생 아르바이트 운영,NO
1084,20260522005400213218,삼척형 청년인턴 지원사업,NO
1085,20260605005400113228,청년미래적금,YES
1085,20260528005400113227,(농식품부) 농식품 바우처,YES
1085,20260528005400113226,(문체부) 청년예술인 예술활동 적립계좌,YES
1085,20260527005400113224,청년 국가기술자격 응시료 지원 사업,YES
1085,20260527005400113223,전세보증금반환보증 보증료 지원,YES
1085,20260527005400213222,2026년 청년근로자 교통비 지원사업,NO
1085,20260527005400213221,2026년 청년창업자 임차료 지원사업,NO
1085,20260522005400213220,삼척형 일자리 안심공제,NO
1085,20260522005400213219,대학생 아르바이트 운영,NO
1085,20260522005400213218,삼척형 청년인턴 지원사업,NO
1086,20260605005400113228,청년미래적금,YES
1086,20260528005400113227,(농식품부) 농식품 바우처,YES
1086,20260528005400113226,(문체부) 청년예술인 예술활동 적립계좌,YES
1086,20260527005400113224,청년 국가기술자격 응시료 지원 사업,YES
1086,20260527005400113223,전세보증금반환보증 보증료 지원,YES
1086,20260527005400213222,2026년 청년근로자 교통비 지원사업,NO
1086,20260527005400213221,2026년 청년창업자 임차료 지원사업,NO
1086,20260522005400213220,삼척형 일자리 안심공제,NO
1086,20260522005400213219,대학생 아르바이트 운영,NO
1086,20260522005400213218,삼척형 청년인턴 지원사업,NO
1087,20260605005400113228,청년미래적금,YES
1087,20260528005400113227,(농식품부) 농식품 바우처,YES
1087,20260528005400113226,(문체부) 청년예술인 예술활동 적립계좌,YES
1087,20260527005400113224,청년 국가기술자격 응시료 지원 사업,YES
1087,20260527005400113223,전세보증금반환보증 보증료 지원,YES
1087,20260527005400213222,2026년 청년근로자 교통비 지원사업,NO
1087,20260527005400213221,2026년 청년창업자 임차료 지원사업,NO
1087,20260522005400213220,삼척형 일자리 안심공제,NO
1087,20260522005400213219,대학생 아르바이트 운영,NO
1087,20260522005400213218,삼척형 청년인턴 지원사업,NO
1088,20260605005400113228,청년미래적금,YES
1088,20260528005400113227,(농식품부) 농식품 바우처,YES
1088,20260528005400113226,(문체부) 청년예술인 예술활동 적립계좌,YES
1088,20260527005400113224,청년 국가기술자격 응시료 지원 사업,YES
1088,20260527005400113223,전세보증금반환보증 보증료 지원,YES
1088,20260527005400213222,2026년 청년근로자 교통비 지원사업,NO
1088,20260527005400213221,2026년 청년창업자 임차료 지원사업,NO
1088,20260522005400213220,삼척형 일자리 안심공제,NO
1088,20260522005400213219,대학생 아르바이트 운영,NO
1088,20260522005400213218,삼척형 청년인턴 지원사업,NO
1089,20260605005400113228,청년미래적금,YES
1089,20260528005400113227,(농식품부) 농식품 바우처,YES
1089,20260528005400113226,(문체부) 청년예술인 예술활동 적립계좌,YES
1089,20260527005400113224,청년 국가기술자격 응시료 지원 사업,YES
1089,20260527005400113223,전세보증금반환보증 보증료 지원,YES
1089,20260527005400213222,2026년 청년근로자 교통비 지원사업,NO
1089,20260527005400213221,2026년 청년창업자 임차료 지원사업,NO
1089,20260522005400213220,삼척형 일자리 안심공제,NO
1089,20260522005400213219,대학생 아르바이트 운영,NO
1089,20260522005400213218,삼척형 청년인턴 지원사업,NO
1090,20260605005400113228,청년미래적금,YES
1090,20260528005400113227,(농식품부) 농식품 바우처,YES
1090,20260528005400113226,(문체부) 청년예술인 예술활동 적립계좌,YES
1090,20260527005400113224,청년 국가기술자격 응시료 지원 사업,YES
1090,20260527005400113223,전세보증금반환보증 보증료 지원,YES
1090,20260527005400213222,2026년 청년근로자 교통비 지원사업,NO
1090,20260527005400213221,2026년 청년창업자 임차료 지원사업,NO
1090,20260522005400213220,삼척형 일자리 안심공제,NO
1090,20260522005400213219,대학생 아르바이트 운영,NO
1090,20260522005400213218,삼척형 청년인턴 지원사업,NO
1091,20260605005400113228,청년미래적금,YES
1091,20260528005400113227,(농식품부) 농식품 바우처,YES
1091,20260528005400113226,(문체부) 청년예술인 예술활동 적립계좌,YES
1091,20260527005400113224,청년 국가기술자격 응시료 지원 사업,YES
1091,20260527005400113223,전세보증금반환보증 보증료 지원,YES
1091,20260527005400213222,2026년 청년근로자 교통비 지원사업,NO
1091,20260527005400213221,2026년 청년창업자 임차료 지원사업,NO
1091,20260522005400213220,삼척형 일자리 안심공제,NO
1091,20260522005400213219,대학생 아르바이트 운영,NO
1091,20260522005400213218,삼척형 청년인턴 지원사업,NO
1092,20260605005400113228,청년미래적금,YES
1092,20260528005400113227,(농식품부) 농식품 바우처,YES
1092,20260528005400113226,(문체부) 청년예술인 예술활동 적립계좌,YES
1092,20260527005400113224,청년 국가기술자격 응시료 지원 사업,YES
1092,20260527005400113223,전세보증금반환보증 보증료 지원,YES
1092,20260527005400213222,2026년 청년근로자 교통비 지원사업,NO
1092,20260527005400213221,2026년 청년창업자 임차료 지원사업,NO
1092,20260522005400213220,삼척형 일자리 안심공제,NO
1092,20260522005400213219,대학생 아르바이트 운영,NO
1092,20260522005400213218,삼척형 청년인턴 지원사업,NO
1093,20260605005400113228,청년미래적금,YES
1093,20260528005400113227,(농식품부) 농식품 바우처,YES
1093,20260528005400113226,(문체부) 청년예술인 예술활동 적립계좌,YES
1093,20260527005400113224,청년 국가기술자격 응시료 지원 사업,YES
1093,20260527005400113223,전세보증금반환보증 보증료 지원,YES
1093,20260527005400213222,2026년 청년근로자 교통비 지원사업,NO
1093,20260527005400213221,2026년 청년창업자 임차료 지원사업,NO
1093,20260522005400213220,삼척형 일자리 안심공제,NO
1093,20260522005400213219,대학생 아르바이트 운영,NO
1093,20260522005400213218,삼척형 청년인턴 지원사업,NO
1094,20260605005400113228,청년미래적금,YES
1094,20260528005400113227,(농식품부) 농식품 바우처,YES
1094,20260528005400113226,(문체부) 청년예술인 예술활동 적립계좌,YES
1094,20260527005400113224,청년 국가기술자격 응시료 지원 사업,YES
1094,20260527005400113223,전세보증금반환보증 보증료 지원,YES
1094,20260527005400213222,2026년 청년근로자 교통비 지원사업,NO
1094,20260527005400213221,2026년 청년창업자 임차료 지원사업,NO
1094,20260522005400213220,삼척형 일자리 안심공제,NO
1094,20260522005400213219,대학생 아르바이트 운영,NO
1094,20260522005400213218,삼척형 청년인턴 지원사업,NO
1095,20260605005400113228,청년미래적금,YES
1095,20260528005400113227,(농식품부) 농식품 바우처,YES
1095,20260528005400113226,(문체부) 청년예술인 예술활동 적립계좌,YES
1095,20260527005400113224,청년 국가기술자격 응시료 지원 사업,YES
1095,20260527005400113223,전세보증금반환보증 보증료 지원,YES
1095,20260527005400213222,2026년 청년근로자 교통비 지원사업,NO
1095,20260527005400213221,2026년 청년창업자 임차료 지원사업,NO
1095,20260522005400213220,삼척형 일자리 안심공제,NO
1095,20260522005400213219,대학생 아르바이트 운영,NO
1095,20260522005400213218,삼척형 청년인턴 지원사업,NO
1096,20260605005400113228,청년미래적금,YES
1096,20260528005400113227,(농식품부) 농식품 바우처,YES
1096,20260528005400113226,(문체부) 청년예술인 예술활동 적립계좌,YES
1096,20260527005400113224,청년 국가기술자격 응시료 지원 사업,YES
1096,20260527005400113223,전세보증금반환보증 보증료 지원,YES
1096,20260527005400213222,2026년 청년근로자 교통비 지원사업,NO
1096,20260527005400213221,2026년 청년창업자 임차료 지원사업,NO
1096,20260522005400213220,삼척형 일자리 안심공제,NO
1096,20260522005400213219,대학생 아르바이트 운영,NO
1096,20260522005400213218,삼척형 청년인턴 지원사업,NO
1097,20260605005400113228,청년미래적금,YES
1097,20260528005400113227,(농식품부) 농식품 바우처,YES
1097,20260528005400113226,(문체부) 청년예술인 예술활동 적립계좌,YES
1097,20260527005400113224,청년 국가기술자격 응시료 지원 사업,YES
1097,20260527005400113223,전세보증금반환보증 보증료 지원,YES
1097,20260527005400213222,2026년 청년근로자 교통비 지원사업,NO
1097,20260527005400213221,2026년 청년창업자 임차료 지원사업,NO
1097,20260522005400213220,삼척형 일자리 안심공제,NO
1097,20260522005400213219,대학생 아르바이트 운영,NO
1097,20260522005400213218,삼척형 청년인턴 지원사업,NO
1098,20260605005400113228,청년미래적금,YES
1098,20260528005400113227,(농식품부) 농식품 바우처,YES
1098,20260528005400113226,(문체부) 청년예술인 예술활동 적립계좌,YES
1098,20260527005400113224,청년 국가기술자격 응시료 지원 사업,YES
1098,20260527005400113223,전세보증금반환보증 보증료 지원,YES
1098,20260527005400213222,2026년 청년근로자 교통비 지원사업,NO
1098,20260527005400213221,2026년 청년창업자 임차료 지원사업,NO
1098,20260522005400213220,삼척형 일자리 안심공제,NO
1098,20260522005400213219,대학생 아르바이트 운영,NO
1098,20260522005400213218,삼척형 청년인턴 지원사업,NO
1099,20260605005400113228,청년미래적금,YES
1099,20260528005400113227,(농식품부) 농식품 바우처,YES
1099,20260528005400113226,(문체부) 청년예술인 예술활동 적립계좌,YES
1099,20260527005400113224,청년 국가기술자격 응시료 지원 사업,YES
1099,20260527005400113223,전세보증금반환보증 보증료 지원,YES
1099,20260527005400213222,2026년 청년근로자 교통비 지원사업,NO
1099,20260527005400213221,2026년 청년창업자 임차료 지원사업,NO
1099,20260522005400213220,삼척형 일자리 안심공제,NO
1099,20260522005400213219,대학생 아르바이트 운영,NO
1099,20260522005400213218,삼척형 청년인턴 지원사업,NO
1100,20260605005400113228,청년미래적금,YES
1100,20260528005400113227,(농식품부) 농식품 바우처,YES
1100,20260528005400113226,(문체부) 청년예술인 예술활동 적립계좌,YES
1100,20260527005400113224,청년 국가기술자격 응시료 지원 사업,YES
1100,20260527005400113223,전세보증금반환보증 보증료 지원,YES
1100,20260527005400213222,2026년 청년근로자 교통비 지원사업,NO
1100,20260527005400213221,2026년 청년창업자 임차료 지원사업,NO
1100,20260522005400213220,삼척형 일자리 안심공제,NO
1100,20260522005400213219,대학생 아르바이트 운영,NO
1100,20260522005400213218,삼척형 청년인턴 지원사업,YES
